{
  "meta": {
    "impl": "hashlib",
    "username": "alice",
    "iterations": 50000,
    "runs": 500,
    "warmup": 50,
    "algo": "sha256",
    "timestamp": 1778722322.9940805
  },
  "result": {
    "runs": 500,
    "warmup": 50,
    "mean_s": 0.05492970900030923,
    "median_s": 0.05436760000156937,
    "stdev_s": 0.005699156138872641,
    "min_s": 0.0439061000070069,
    "max_s": 0.09179990000848193,
    "raw_times_s": [
      0.055511400001705624,
      0.05006069999944884,
      0.050393900004564784,
      0.05128780000086408,
      0.05495229999360163,
      0.05541380000067875,
      0.06063490000087768,
      0.048106399990501814,
      0.05335390000254847,
      0.049891499991645105,
      0.05192209999950137,
      0.050897499997518025,
      0.05160289999912493,
      0.05149949999758974,
      0.054427999988547526,
      0.052357099993969314,
      0.05232859999523498,
      0.05457340000430122,
      0.05208480000146665,
      0.05561920000764076,
      0.05416910001076758,
      0.05451679999532644,
      0.05432500000461005,
      0.051922800004831515,
      0.05442040000343695,
      0.05156540000461973,
      0.05435340000258293,
      0.0565162999992026,
      0.059523399992031045,
      0.05650259999674745,
      0.05650500000047032,
      0.055482600000686944,
      0.05613850000372622,
      0.06507810000039171,
      0.058308499996201135,
      0.05717980000190437,
      0.0580474000016693,
      0.059576999992714263,
      0.06014020000293385,
      0.05906320000940468,
      0.059915499994531274,
      0.05846799998835195,
      0.059604100009892136,
      0.05635630000324454,
      0.05702630001178477,
      0.053825399998459034,
      0.058727299998281524,
      0.052297500005806796,
      0.054710299998987466,
      0.05570860000443645,
      0.05421480000950396,
      0.05519369999819901,
      0.05492709999089129,
      0.05550750000111293,
      0.05529499999829568,
      0.05087500000081491,
      0.049443999989307486,
      0.055608099995879456,
      0.05764509999426082,
      0.055533599996124394,
      0.05020509999303613,
      0.052114100006292574,
      0.05657210000208579,
      0.06299249999574386,
      0.0571151999902213,
      0.06046220001007896,
      0.06027570000151172,
      0.0633730999979889,
      0.06176340000820346,
      0.06032319999940228,
      0.05986910000501666,
      0.06149359999108128,
      0.05970600000000559,
      0.05512720000115223,
      0.05743329999677371,
      0.0579882999882102,
      0.061900700005935505,
      0.06276880000950769,
      0.056990699988091365,
      0.05207590000645723,
      0.060014000002411194,
      0.06091579998610541,
      0.0581328999978723,
      0.05536790000041947,
      0.053463900010683574,
      0.0679909000027692,
      0.06529280000540894,
      0.0570605999964755,
      0.06767809999291785,
      0.0649561000027461,
      0.059868900003493764,
      0.05465560000448022,
      0.05988530001195613,
      0.06435829999099951,
      0.059666199987987056,
      0.060246399996685795,
      0.08159309999609832,
      0.059299600005033426,
      0.055204699994646944,
      0.05455719999736175,
      0.05182110000168905,
      0.05630030001339037,
      0.059153099995455705,
      0.052944299997761846,
      0.05724660000123549,
      0.05932980000216048,
      0.05777819998911582,
      0.056655899999896064,
      0.05726149999827612,
      0.05782970000291243,
      0.0528552000032505,
      0.05621780001092702,
      0.05109160000574775,
      0.055825400006142445,
      0.049324999999953434,
      0.05526399999507703,
      0.05171300000802148,
      0.056532799993874505,
      0.06002619999344461,
      0.05535739999322686,
      0.0542705000116257,
      0.05593089999456424,
      0.059114000003319234,
      0.06264459999511018,
      0.0496629999979632,
      0.05796659999759868,
      0.05368109999108128,
      0.05321889999322593,
      0.05358820001129061,
      0.053717700007837266,
      0.04887489999237005,
      0.049919800003408454,
      0.0552773000090383,
      0.054672099999152124,
      0.05325200001243502,
      0.05494469999393914,
      0.05303249999997206,
      0.05326169999898411,
      0.05151870001282077,
      0.05334189999848604,
      0.056127700008801185,
      0.05429679999360815,
      0.054337800000212155,
      0.056888299994170666,
      0.05245950000244193,
      0.04909310000948608,
      0.053106799998204224,
      0.05636740000045393,
      0.05559820000780746,
      0.051076200004899874,
      0.055874999990919605,
      0.05723430000944063,
      0.05365660000825301,
      0.050798099997336976,
      0.0593494000058854,
      0.052276100002927706,
      0.05500059999758378,
      0.05403709999518469,
      0.05562709999503568,
      0.05144250000012107,
      0.050981799999135546,
      0.055666300002485514,
      0.05908140000246931,
      0.07524550000380259,
      0.05166300000564661,
      0.05299350000859704,
      0.060905600010300986,
      0.07080210000276566,
      0.0490360999974655,
      0.05052389999036677,
      0.050502600002801046,
      0.05277800001204014,
      0.05292810000537429,
      0.05528250000497792,
      0.05170599999837577,
      0.050317699991865084,
      0.051829499992891215,
      0.05462450000050012,
      0.046485900005791336,
      0.04519560000335332,
      0.0477625000057742,
      0.04783910000696778,
      0.04792250000173226,
      0.048088299998198636,
      0.04693349999433849,
      0.054071000005933456,
      0.0619973000138998,
      0.0439061000070069,
      0.05032370000844821,
      0.05452089999744203,
      0.05318700001225807,
      0.05034739999973681,
      0.04928049999580253,
      0.05242490000091493,
      0.05263240000931546,
      0.055898599995998666,
      0.0571741000021575,
      0.05945840000640601,
      0.058850899993558414,
      0.057749300001887605,
      0.05948540000827052,
      0.058211499999742955,
      0.054274699999950826,
      0.05652569999801926,
      0.07785509999666829,
      0.05147390000638552,
      0.05439760000444949,
      0.05545960000017658,
      0.05368329999328125,
      0.053644599989638664,
      0.05275719999917783,
      0.05547529998875689,
      0.05902069999137893,
      0.05859200000122655,
      0.049213799997232854,
      0.0550612000079127,
      0.052971099998103455,
      0.05540510000719223,
      0.0555886000074679,
      0.057045599998673424,
      0.04778799999621697,
      0.05382060000556521,
      0.055655600008321926,
      0.05705119999765884,
      0.05179119999229442,
      0.05038339999737218,
      0.0480126000038581,
      0.054987400013487786,
      0.05208229999698233,
      0.05497610000020359,
      0.05441350000910461,
      0.057799700007308275,
      0.05552329999045469,
      0.05176010000286624,
      0.05569800001103431,
      0.05675600000540726,
      0.05940040000132285,
      0.05949460000556428,
      0.056039599992800504,
      0.061429699999280274,
      0.056619299997691996,
      0.05809560000489,
      0.05474740000499878,
      0.05890820000786334,
      0.057867900002747774,
      0.057302000001072884,
      0.05729010001232382,
      0.05624819999502506,
      0.04996370000299066,
      0.04955899999185931,
      0.05080189999716822,
      0.05753330000152346,
      0.05551809999451507,
      0.05258329999924172,
      0.06051270000170916,
      0.05626629998732824,
      0.053481299997656606,
      0.05530639999778941,
      0.055546700008562766,
      0.05627220000314992,
      0.05538349998823833,
      0.049224700007471256,
      0.053437800001120195,
      0.050195799994980916,
      0.048649899996235035,
      0.054255399998510256,
      0.05006300000241026,
      0.053801499991095625,
      0.05465869999898132,
      0.05619619999197312,
      0.05001500000071246,
      0.05317519999516662,
      0.054062199997133575,
      0.051044799998635426,
      0.052902100011124276,
      0.05140529999334831,
      0.050868100006482564,
      0.05876650000573136,
