{
  "meta": {
    "impl": "hashlib",
    "username": "alice",
    "iterations": 1,
    "runs": 500,
    "warmup": 50,
    "algo": "sha256",
    "timestamp": 1765519833.8987834
  },
  "result": {
    "runs": 500,
    "warmup": 50,
    "mean_s": 7.4921998311765496e-06,
    "median_s": 7.199996616691351e-06,
    "stdev_s": 2.7185407203991785e-06,
    "min_s": 6.199989002197981e-06,
    "max_s": 5.600001895800233e-05,
    "raw_times_s": [
      1.1000025551766157e-05,
      9.500014130026102e-06,
      7.800001185387373e-06,
      7.599999662488699e-06,
      8.500006515532732e-06,
      7.099995855242014e-06,
      7.399998139590025e-06,
      7.199996616691351e-06,
      6.999995093792677e-06,
      6.999995093792677e-06,
      7.199996616691351e-06,
      7.199996616691351e-06,
      7.499998901039362e-06,
      7.599999662488699e-06,
      6.900023436173797e-06,
      7.599999662488699e-06,
      8.000002708286047e-06,
      6.999995093792677e-06,
      6.999995093792677e-06,
      6.999995093792677e-06,
      7.199996616691351e-06,
      7.499998901039362e-06,
      6.999995093792677e-06,
      7.800001185387373e-06,
      7.099995855242014e-06,
      7.099995855242014e-06,
      7.099995855242014e-06,
      7.099995855242014e-06,
      7.199996616691351e-06,
      6.999995093792677e-06,
      6.89999433234334e-06,
      7.099995855242014e-06,
      6.89999433234334e-06,
      7.299997378140688e-06,
      7.199996616691351e-06,
      7.099995855242014e-06,
      7.199996616691351e-06,
      7.099995855242014e-06,
      6.999995093792677e-06,
      6.89999433234334e-06,
      7.099995855242014e-06,
      7.199996616691351e-06,
      6.699992809444666e-06,
      6.799993570894003e-06,
      7.700000423938036e-06,
      7.299997378140688e-06,
      6.89999433234334e-06,
      6.799993570894003e-06,
      7.299997378140688e-06,
      8.000002708286047e-06,
      6.999995093792677e-06,
      6.699992809444666e-06,
      6.999995093792677e-06,
      6.799993570894003e-06,
      6.89999433234334e-06,
      6.999995093792677e-06,
      7.099995855242014e-06,
      6.89999433234334e-06,
      7.299997378140688e-06,
      7.499998901039362e-06,
      6.999995093792677e-06,
      6.999995093792677e-06,
      6.89999433234334e-06,
      6.80002267472446e-06,
      6.80002267472446e-06,
      7.100024959072471e-06,
      6.900023436173797e-06,
      7.000024197623134e-06,
      7.799972081556916e-06,
      7.299997378140688e-06,
      7.199996616691351e-06,
      7.299997378140688e-06,
      7.299997378140688e-06,
      7.099995855242014e-06,
      7.90000194683671e-06,
      7.599999662488699e-06,
      7.499998901039362e-06,
      8.600007276982069e-06,
      7.700000423938036e-06,
      7.399998139590025e-06,
      7.499998901039362e-06,
      7.499998901039362e-06,
      8.200004231184721e-06,
      7.299997378140688e-06,
      7.399998139590025e-06,
      7.499998901039362e-06,
      8.200004231184721e-06,
      7.399998139590025e-06,
      7.499998901039362e-06,
      7.599999662488699e-06,
      7.90000194683671e-06,
      7.399998139590025e-06,
      7.800001185387373e-06,
      7.800001185387373e-06,
      7.199996616691351e-06,
      7.199996616691351e-06,
      7.199996616691351e-06,
      7.499998901039362e-06,
      7.299997378140688e-06,
      7.800001185387373e-06,
      7.800001185387373e-06,
      7.499998901039362e-06,
      7.299997378140688e-06,
      7.90000194683671e-06,
      7.399998139590025e-06,
      7.199996616691351e-06,
      7.499998901039362e-06,
      7.299997378140688e-06,
      7.399998139590025e-06,
      9.599985787644982e-06,
      7.800001185387373e-06,
      8.200004231184721e-06,
      7.499998901039362e-06,
      5.600001895800233e-05,
      3.6699988413602114e-05,
      1.1800002539530396e-05,
      8.69997893460095e-06,
      9.600014891475439e-06,
      8.499977411702275e-06,
      7.599999662488699e-06,
      7.399998139590025e-06,
      7.399998139590025e-06,
      7.700000423938036e-06,
      7.499998901039362e-06,
      7.499998901039362e-06,
      8.600007276982069e-06,
      7.700000423938036e-06,
      7.599999662488699e-06,
      7.800001185387373e-06,
      7.299997378140688e-06,
      7.499998901039362e-06,
      7.299997378140688e-06,
      7.399998139590025e-06,
      7.199996616691351e-06,
      7.399998139590025e-06,
      7.499998901039362e-06,
      7.800001185387373e-06,
      8.500006515532732e-06,
      8.100003469735384e-06,
      7.599999662488699e-06,
      7.90000194683671e-06,
      7.90000194683671e-06,
      7.800001185387373e-06,
      7.800001185387373e-06,
      7.90000194683671e-06,
      7.90000194683671e-06,
      7.90000194683671e-06,
      8.100003469735384e-06,
      8.200004231184721e-06,
      8.300004992634058e-06,
      7.90000194683671e-06,
      7.800001185387373e-06,
      7.90000194683671e-06,
      7.800001185387373e-06,
      8.000002708286047e-06,
      7.899972843006253e-06,
      7.90000194683671e-06,
      7.700000423938036e-06,
      8.200004231184721e-06,
      7.800001185387373e-06,
      7.899972843006253e-06,
      8.000002708286047e-06,
      7.700000423938036e-06,
      7.90000194683671e-06,
      7.90000194683671e-06,
      9.100011084228754e-06,
      8.500006515532732e-06,
      8.000002708286047e-06,
      7.700000423938036e-06,
      8.500006515532732e-06,
      8.599978173151612e-06,
      8.200004231184721e-06,
      7.90000194683671e-06,
      8.199975127354264e-06,
      7.90000194683671e-06,
      7.700000423938036e-06,
      7.800001185387373e-06,
      8.000002708286047e-06,
      8.200004231184721e-06,
      7.700000423938036e-06,
      8.300004992634058e-06,
      9.099981980398297e-06,
      7.800001185387373e-06,
      7.800001185387373e-06,
      7.800001185387373e-06,
      7.90000194683671e-06,
      8.100003469735384e-06,
      7.800001185387373e-06,
      7.800001185387373e-06,
      7.700000423938036e-06,
      7.700000423938036e-06,
      7.800001185387373e-06,
      7.90000194683671e-06,
      7.800001185387373e-06,
      7.700000423938036e-06,
      7.800001185387373e-06,
      7.700000423938036e-06,
      9.500014130026102e-06,
      8.800008799880743e-06,
      8.000002708286047e-06,
      7.800001185387373e-06,
      8.000002708286047e-06,
      7.800001185387373e-06,
      8.100003469735384e-06,
      7.90000194683671e-06,
      7.700000423938036e-06,
      8.500006515532732e-06,
      8.100003469735384e-06,
      9.300012607127428e-06,
      7.700000423938036e-06,
      7.800001185387373e-06,
      8.300004992634058e-06,
      8.300004992634058e-06,
      8.100003469735384e-06,
      8.90000956133008e-06,
      7.700000423938036e-06,
      8.300004992634058e-06,
      7.599999662488699e-06,
      7.099995855242014e-06,
      8.200004231184721e-06,
      7.399998139590025e-06,
      7.399998139590025e-06,
      7.499998901039362e-06,
      7.299997378140688e-06,
      7.499998901039362e-06,
      7.299997378140688e-06,
      7.599999662488699e-06,
      7.200025720521808e-06,
      7.399998139590025e-06,
      7.599999662488699e-06,
      7.499998901039362e-06,
      7.299997378140688e-06,
      7.499998901039362e-06,
      8.000002708286047e-06,
      7.599999662488699e-06,
      7.700000423938036e-06,
      7.499998901039362e-06,
      7.199996616691351e-06,
      7.599999662488699e-06,
      7.90000194683671e-06,
      8.200004231184721e-06,
      7.300026481971145e-06,
      7.300026481971145e-06,
      7.499998901039362e-06,
      7.299997378140688e-06,
      7.399998139590025e-06,
      8.300004992634058e-06,
      7.399998139590025e-06,
      7.399998139590025e-06,
      8.000002708286047e-06,
      8.400005754083395e-06,
      7.199996616691351e-06,
      7.499998901039362e-06,
      7.399998139590025e-06,
      7.199996616691351e-06,
      7.099995855242014e-06,
      7.299997378140688e-06,
      7.399998139590025e-06,
      8.399976650252938e-06,
      6.89999433234334e-06,
      6.89999433234334e-06,
