{
  "meta": {
    "impl": "hashlib",
    "username": "alice",
    "iterations": 10,
    "runs": 500,
    "warmup": 50,
    "algo": "sha256",
    "timestamp": 1765519834.0483553
  },
  "result": {
    "runs": 500,
    "warmup": 50,
    "mean_s": 1.0504800069611519e-05,
    "median_s": 1.0299991117790341e-05,
    "stdev_s": 1.3947001827150004e-06,
    "min_s": 9.600014891475439e-06,
    "max_s": 3.600001218728721e-05,
    "raw_times_s": [
      1.1099997209385037e-05,
      1.0499992640689015e-05,
      1.0200019460171461e-05,
      1.0099989594891667e-05,
      1.0199990356341004e-05,
      1.0099989594891667e-05,
      1.0500021744519472e-05,
      9.99998883344233e-06,
      9.799987310543656e-06,
      1.6600009985268116e-05,
      1.0499992640689015e-05,
      1.0399991879239678e-05,
      1.0400020983070135e-05,
      1.0199990356341004e-05,
      1.0099989594891667e-05,
      1.0000017937272787e-05,
      1.0100018698722124e-05,
      1.0399991879239678e-05,
      1.0399991879239678e-05,
      1.0599993402138352e-05,
      1.0200019460171461e-05,
      1.0199990356341004e-05,
      1.0299991117790341e-05,
      1.0899995686486363e-05,
      1.0400020983070135e-05,
      1.0700023267418146e-05,
      1.0499992640689015e-05,
      1.0299991117790341e-05,
      1.0299991117790341e-05,
      1.0300020221620798e-05,
      1.0099989594891667e-05,
      1.0299991117790341e-05,
      1.0299991117790341e-05,
      1.0400020983070135e-05,
      1.0199990356341004e-05,
      1.0299991117790341e-05,
      1.0399991879239678e-05,
      1.0400020983070135e-05,
      1.0399991879239678e-05,
      1.0299991117790341e-05,
      1.0099989594891667e-05,
      1.0500021744519472e-05,
      1.0300020221620798e-05,
      9.99998883344233e-06,
      1.0299991117790341e-05,
      1.0100018698722124e-05,
      9.99998883344233e-06,
      1.0499992640689015e-05,
      1.0099989594891667e-05,
      1.0100018698722124e-05,
      1.0499992640689015e-05,
      1.09999964479357e-05,
      9.99998883344233e-06,
      1.0300020221620798e-05,
      1.0399991879239678e-05,
      1.0099989594891667e-05,
      1.0199990356341004e-05,
      1.0300020221620798e-05,
      9.99998883344233e-06,
      9.99998883344233e-06,
      1.0399991879239678e-05,
      1.0100018698722124e-05,
      1.0299991117790341e-05,
      1.0099989594891667e-05,
      1.0400020983070135e-05,
      1.0000017937272787e-05,
      1.0299991117790341e-05,
      1.0299991117790341e-05,
      1.0400020983070135e-05,
      1.0399991879239678e-05,
      1.0299991117790341e-05,
      1.0299991117790341e-05,
      1.0400020983070135e-05,
      1.0700023267418146e-05,
      1.0499992640689015e-05,
      1.0299991117790341e-05,
      1.069999416358769e-05,
      1.0299991117790341e-05,
      1.0400020983070135e-05,
      1.0499992640689015e-05,
      1.0299991117790341e-05,
      1.0299991117790341e-05,
      1.0400020983070135e-05,
      1.0499992640689015e-05,
      1.0099989594891667e-05,
      1.0399991879239678e-05,
      9.90001717582345e-06,
      1.0399991879239678e-05,
      1.0199990356341004e-05,
      1.0199990356341004e-05,
      9.90001717582345e-06,
      1.0299991117790341e-05,
      1.0099989594891667e-05,
      1.0200019460171461e-05,
      9.99998883344233e-06,
      1.0499992640689015e-05,
      9.99998883344233e-06,
      1.0400020983070135e-05,
      1.0499992640689015e-05,
      1.0099989594891667e-05,
      1.0099989594891667e-05,
      1.0000017937272787e-05,
      1.0399991879239678e-05,
      1.0299991117790341e-05,
      1.3800017768517137e-05,
      1.0199990356341004e-05,
      9.99998883344233e-06,
      9.800016414374113e-06,
      9.800016414374113e-06,
      1.0099989594891667e-05,
      1.0099989594891667e-05,
      1.0300020221620798e-05,
      9.799987310543656e-06,
      1.0099989594891667e-05,
      9.90001717582345e-06,
      9.899988071992993e-06,
      9.99998883344233e-06,
      9.90001717582345e-06,
      1.0099989594891667e-05,
      9.99998883344233e-06,
      9.90001717582345e-06,
      9.799987310543656e-06,
      1.0099989594891667e-05,
      9.90001717582345e-06,
      1.0199990356341004e-05,
      1.0599993402138352e-05,
      1.0100018698722124e-05,
      1.0100018698722124e-05,
      9.799987310543656e-06,
      1.0099989594891667e-05,
      1.0100018698722124e-05,
      9.899988071992993e-06,
      1.0099989594891667e-05,
      1.0200019460171461e-05,
      1.0099989594891667e-05,
      1.0199990356341004e-05,
      1.0199990356341004e-05,
      1.0100018698722124e-05,
      1.0299991117790341e-05,
      9.899988071992993e-06,
      9.90001717582345e-06,
      1.0099989594891667e-05,
      1.0199990356341004e-05,
      1.0000017937272787e-05,
      1.0099989594891667e-05,
      1.0299991117790341e-05,
      1.0099989594891667e-05,
      9.90001717582345e-06,
      1.0099989594891667e-05,
      1.0299991117790341e-05,
      1.0099989594891667e-05,
      1.0400020983070135e-05,
      1.0199990356341004e-05,
      1.0299991117790341e-05,
      1.0100018698722124e-05,
      1.0200019460171461e-05,
      1.0499992640689015e-05,
      1.0099989594891667e-05,
      1.0300020221620798e-05,
      1.0200019460171461e-05,
      1.0499992640689015e-05,
      9.899988071992993e-06,
      1.0600022505968809e-05,
      9.90001717582345e-06,
      1.0399991879239678e-05,
      9.99998883344233e-06,
      1.0500021744519472e-05,
      9.99998883344233e-06,
      1.0099989594891667e-05,
      1.0200019460171461e-05,
      1.0400020983070135e-05,
      1.0099989594891667e-05,
      1.0199990356341004e-05,
      1.0499992640689015e-05,
      1.0200019460171461e-05,
      1.0199990356341004e-05,
      9.899988071992993e-06,
      1.0100018698722124e-05,
      1.0200019460171461e-05,
      1.0299991117790341e-05,
      9.899988071992993e-06,
      1.0300020221620798e-05,
      1.0099989594891667e-05,
      9.99998883344233e-06,
      1.0300020221620798e-05,
      1.0100018698722124e-05,
      1.0099989594891667e-05,
      1.0099989594891667e-05,
      1.0200019460171461e-05,
      9.99998883344233e-06,
      1.0099989594891667e-05,
      1.0300020221620798e-05,
      1.0199990356341004e-05,
      9.99998883344233e-06,
      1.0299991117790341e-05,
      1.0100018698722124e-05,
      9.99998883344233e-06,
      1.0099989594891667e-05,
      1.0599993402138352e-05,
      1.0100018698722124e-05,
      1.379998866468668e-05,
      9.899988071992993e-06,
      1.0100018698722124e-05,
      1.0199990356341004e-05,
      1.0299991117790341e-05,
      9.800016414374113e-06,
      1.0100018698722124e-05,
      1.0099989594891667e-05,
      9.899988071992993e-06,
      9.90001717582345e-06,
      9.899988071992993e-06,
      1.0299991117790341e-05,
      9.800016414374113e-06,
      9.99998883344233e-06,
      9.99998883344233e-06,
      1.0000017937272787e-05,
      9.799987310543656e-06,
      9.899988071992993e-06,
      1.0000017937272787e-05,
      9.69998654909432e-06,
      1.0199990356341004e-05,
      1.0100018698722124e-05,
      9.899988071992993e-06,
      1.0199990356341004e-05,
      9.800016414374113e-06,
      9.99998883344233e-06,
      9.69998654909432e-06,
      1.0100018698722124e-05,
      1.0099989594891667e-05,
      9.99998883344233e-06,
      1.0200019460171461e-05,
      1.0199990356341004e-05,
      1.0299991117790341e-05,
      9.99998883344233e-06,
      9.800016414374113e-06,
      1.0099989594891667e-05,
      9.799987310543656e-06,
      1.0200019460171461e-05,
      1.0099989594891667e-05,
      9.799987310543656e-06,
      1.0200019460171461e-05,
      1.0100018698722124e-05,
      9.69998654909432e-06,
      9.90001717582345e-06,
      1.0000017937272787e-05,
      9.99998883344233e-06,
      1.0000017937272787e-05,
      1.0500021744519472e-05,
      9.99998883344233e-06,
      1.0199990356341004e-05,
      9.700015652924776e-06,
      9.899988071992993e-06,
      1.0199990356341004e-05,
      1.0000017937272787e-05,
      1.0099989594891667e-05,
