{
  "meta": {
    "impl": "hashlib",
    "username": "alice",
    "iterations": 1000,
    "runs": 500,
    "warmup": 50,
    "algo": "sha256",
    "timestamp": 1765519835.4833195
  },
  "result": {
    "runs": 500,
    "warmup": 50,
    "mean_s": 0.0010099162000697106,
    "median_s": 0.0010135000047739595,
    "stdev_s": 0.0001454181053719482,
    "min_s": 0.0008588999917265028,
    "max_s": 0.0029744000057689846,
    "raw_times_s": [
      0.0010554000036790967,
      0.0010494999878574163,
      0.001036400004522875,
      0.0010266999888699502,
      0.0010312999947927892,
      0.0010335000115446746,
      0.001039199996739626,
      0.0010544999968260527,
      0.0010738999990280718,
      0.0010742000013124198,
      0.0011058999807573855,
      0.001068799989297986,
      0.0010473000002093613,
      0.0010599000088404864,
      0.001068799989297986,
      0.0010623999987728894,
      0.00106969999615103,
      0.0010633000056259334,
      0.001061399991158396,
      0.0010535999899730086,
      0.0010560000082477927,
      0.0010714000090956688,
      0.0010577000211924314,
      0.001046899997163564,
      0.0011012000031769276,
      0.0010725999891292304,
      0.0011211000091861933,
      0.0010334999824408442,
      0.0009961000178009272,
      0.0009976000001188368,
      0.0010162999969907105,
      0.0010178000084124506,
      0.0010229999898001552,
      0.001004199992166832,
      0.0009967000223696232,
      0.0010022000060416758,
      0.0009972999978344887,
      0.0010160999954678118,
      0.0009963000193238258,
      0.002685699990252033,
      0.0009901000012177974,
      0.0009860999998636544,
      0.000978299998678267,
      0.0011011000024154782,
      0.00105489999987185,
      0.0009780999971553683,
      0.000965600018389523,
      0.000974599999608472,
      0.0009935999987646937,
      0.0009885000181384385,
      0.0010363000037614256,
      0.0010725000174716115,
      0.0012157000019215047,
      0.0010809999948833138,
      0.0011201000015717,
      0.00106229999801144,
      0.0010386999929323792,
      0.0010320000001229346,
      0.0010503999947104603,
      0.0011630000080913305,
      0.0010919999913312495,
      0.001057399989804253,
      0.0010572999890428036,
      0.0010925999958999455,
      0.0011029000161215663,
      0.0010639000101946294,
      0.001126599992858246,
      0.0011203000030945987,
      0.001319299975875765,
      0.0010660999978426844,
      0.0010936000035144389,
      0.0010922999936155975,
      0.0010522000084165484,
      0.0010415999859105796,
      0.001067200006218627,
      0.0011021000100299716,
      0.0010253999789711088,
      0.0010089999996125698,
      0.0010081999935209751,
      0.0010000000183936208,
      0.0010651000193320215,
      0.0009848999907262623,
      0.0009953999833669513,
      0.0009834000084083527,
      0.0009661999938543886,
      0.0009617999894544482,
      0.0009388000180479139,
      0.0009396999957971275,
      0.0009315999923273921,
      0.0009350999898742884,
      0.0009283999970648438,
      0.0009345000144094229,
      0.0009159999899566174,
      0.0009429999918211251,
      0.0009470000222790986,
      0.0009227999835275114,
      0.0009159999899566174,
      0.0009697000205051154,
      0.0009073000110220164,
      0.0009067000064533204,
      0.0009059000003617257,
      0.0009527999791316688,
      0.0009085000201594085,
      0.0008931000193115324,
      0.0009125999931711704,
      0.0009302999824285507,
      0.0008913000056054443,
      0.0008963000145740807,
      0.0008874000050127506,
      0.00089490000391379,
      0.00090970000019297,
      0.000909399997908622,
      0.0008885999850463122,
      0.0009009999921545386,
      0.0010037000174634159,
      0.0009074000117834657,
      0.000907899986486882,
      0.0009157000167760998,
      0.000907599984202534,
      0.0009184000082314014,
      0.0009143000061158091,
      0.0009166999952867627,
      0.0009069999796338379,
      0.0009360999974887818,
      0.0008822999952826649,
      0.0009550999966450036,
      0.0009470999939367175,
      0.0009267000132240355,
      0.0009120999893639237,
      0.0009099000017158687,
      0.000905399996554479,
      0.000983599980827421,
      0.0009447000047657639,
      0.0009088999941013753,
      0.0009040999866556376,
      0.000919899990549311,
      0.0009396999957971275,
      0.0009289000008720905,
      0.0009122999908868223,
      0.0009108000085689127,
      0.0009119999886024743,
      0.0009231000149156898,
      0.000906300003407523,
      0.0009142000053543597,
      0.0009037000127136707,
      0.0009179000044241548,
      0.0009188000112771988,
      0.0009243999957107008,
      0.0009839000122155994,
      0.0009877999837044626,
      0.0009166999952867627,
      0.0009123000199906528,
      0.0009061000018846244,
      0.0009086000209208578,
      0.0009029999782796949,
      0.0009184000082314014,
      0.0009071000094991177,
      0.000911599985556677,
      0.0009228000126313418,
      0.0009461000154260546,
      0.0009065999765880406,
      0.000990900007309392,
      0.0009385999874211848,
      0.0009451000078115612,
      0.0009055999980773777,
      0.0009914000111166388,
      0.0010080999927595258,
      0.0009586999949533492,
      0.000918999983696267,
      0.0009143000061158091,
      0.000906600005691871,
      0.0009142000053543597,
      0.0009091999963857234,
      0.0009080000163521618,
      0.0009194999875035137,
      0.000919599988264963,
      0.0009376000089105219,
      0.0009245999972335994,
      0.0009110999817494303,
      0.0009163000213447958,
      0.0009023999737109989,
      0.0009154000144917518,
      0.0010206000006292015,
      0.0009078000148292631,
      0.0029744000057689846,
      0.00104750000173226,
      0.0009902000019792467,
      0.0010308999917469919,
      0.0011531999916769564,
      0.0011476000072434545,
      0.0011303999926894903,
      0.0011112999927718192,
      0.0011766999959945679,
      0.0011522999848239124,
      0.0011803999950643629,
      0.0011709000100381672,
      0.0011155999964103103,
      0.0011210999800823629,
      0.0011165000032633543,
      0.0011334999871905893,
      0.001126899995142594,
      0.0011503999994602054,
      0.0011583000014070421,
      0.0011602000158745795,
      0.0011702000047080219,
      0.0011640999873634428,
      0.0011774000013247132,
      0.001145099988207221,
      0.0011306999949738383,
      0.0011184000177308917,
      0.0011229000228922814,
      0.0011291999835520983,
      0.0011226999922655523,
      0.0011203000030945987,
      0.0011332000140100718,
      0.0011106000165455043,
      0.001116700004786253,
      0.0011096999805886298,
      0.0011158999986946583,
      0.00111420001485385,
      0.0011137000110466033,
      0.0011165000032633543,
      0.0011178999848198146,
      0.0011156999971717596,
      0.0010755000112112612,
      0.0010842999909073114,
      0.0010847999947145581,
      0.0010897000029217452,
      0.0010800999880302697,
      0.0010921999928541481,
      0.0010842000192496926,
      0.0011060999822802842,
      0.0010994999902322888,
      0.001083599985577166,
      0.0010862000053748488,
      0.0010786000057123601,
      0.0011045999999623746,
      0.0011249999806750566,
      0.0010829000093508512,
      0.0010896000021602958,
      0.0010859000030905008,
      0.0011002000246662647,
      0.0010932999721262604,
      0.001098800014005974,
      0.0010956999904010445,
      0.001091100013582036,
      0.0010933999728877097,
      0.0010827000078279525,
      0.0010972000018227845,
      0.0010935000027529895,
      0.0010694999946281314,
      0.0011246000067330897,
      0.0010683000145945698,
      0.001059200003510341,
      0.0010571999882813543,
      0.0010951999865937978,
      0.0010489000123925507,
      0.001063899981090799,
      0.0010707000037655234,
      0.0010749000066425651,
      0.0010707999754231423,
      0.0010463000216986984,
