{
  "meta": {
    "impl": "hashlib",
    "username": "alice",
    "iterations": 1000000,
    "runs": 500,
    "warmup": 50,
    "algo": "sha256",
    "timestamp": 1765520907.2621424
  },
  "result": {
    "runs": 500,
    "warmup": 50,
    "mean_s": 1.8216876362002803,
    "median_s": 2.1464841999841155,
    "stdev_s": 0.6383488318799095,
    "min_s": 0.8996192000049632,
    "max_s": 2.941694600012852,
    "raw_times_s": [
      2.811097099998733,
      2.8360678000026383,
      1.6209229999803938,
      2.3617517999955453,
      2.1745190999936312,
      2.2558149000105914,
      2.302570600004401,
      2.235295899998164,
      2.123807299998589,
      2.151364100020146,
      2.2039817000040784,
      2.294241499999771,
      2.280751899990719,
      2.2270329000020865,
      2.103930899989791,
      2.135768000007374,
      2.2625904000015,
      2.0787194999866188,
      2.307455600006506,
      2.195090799999889,
      2.431474299984984,
      2.1252468999882694,
      2.2742120000184514,
      2.300274100009119,
      2.10147130000405,
      2.014719500002684,
      2.272622099990258,
      2.1155458000139333,
      2.0950496000004932,
      2.13695360001293,
      2.1459753999952227,
      2.173765799991088,
      2.138288599991938,
      2.21761679998599,
      2.213611100014532,
      2.274026800005231,
      2.161363599996548,
      2.017712200002279,
      2.0843378000136,
      2.1087617999874055,
      2.1693663999903947,
      2.1350196999846958,
      2.2642542999819852,
      2.2503850999928545,
      2.249591400002828,
      2.292807799996808,
      2.4280206999974325,
      2.1693080000113696,
      2.219766399997752,
      2.1551286000176333,
      2.2009897000098135,
      2.2700618999951985,
      2.3316773000115063,
      2.304366399999708,
      2.561926099995617,
      2.2016885000048205,
      2.2430414000118617,
      2.0750985000049695,
      2.073229800007539,
      2.060793599986937,
      2.1641776000033133,
      2.1148328999988735,
      2.1100331000052392,
      2.255120199988596,
      2.2548581000010017,
      2.1278193999896757,
      2.3760253000073135,
      2.1391749000176787,
      2.630990000005113,
      2.1309768999926746,
      2.13785359999747,
      2.1214417000010144,
      2.190498700016178,
      2.238237299985485,
      2.083601299993461,
      2.380727800016757,
      2.154255400004331,
      2.2459034000057727,
      2.172556400008034,
      2.1126089000026695,
      2.0985446000122465,
      2.1578179000061937,
      2.220283600006951,
      2.1397116000007372,
      2.090938900015317,
      2.069897299981676,
      2.4732207000197377,
      2.3936814999906346,
      2.537985100003425,
      2.23134180001216,
      2.195264899986796,
      2.106336299999384,
      2.1795213999866974,
      2.2536775000044145,
      2.1344588000210933,
      2.072156599984737,
      2.277198199997656,
      2.24755929998355,
      2.187195000005886,
      2.0991060999804176,
      2.166198799997801,
      2.1761128999933135,
      2.1199825999792665,
      2.20603149998351,
      2.061986800021259,
      2.251123199996073,
      2.230542399978731,
      2.229483999981312,
      2.1399578000127804,
      2.1453934000164736,
      2.152783700003056,
      2.12221140001202,
      2.085315400006948,
      2.0889015999855474,
      2.152631199976895,
      2.293540099984966,
      2.0881945000146516,
      2.1062593999959063,
      2.1434131000132766,
      2.3018640000082087,
      2.1447814000130165,
      2.1805121999932453,
      2.111792100011371,
      2.156411800009664,
      2.141402899986133,
      2.213693500001682,
      2.263757099979557,
      2.260087799979374,
      2.1829081999894697,
      2.2147065000026487,
      2.1469929999730084,
      2.2547894999734126,
      2.2433464999776334,
      2.183503500011284,
      2.130788200011011,
      2.207180699973833,
      2.0468283999944106,
      2.0739355999976397,
      2.042276699998183,
      2.011129099992104,
      2.2246317000244744,
      2.07180309999967,
      2.1737321999971755,
      2.4669929000083357,
      2.4304409000033047,
      1.536583500012057,
      0.9546755999908783,
      0.9631909999880008,
      0.9712933999835514,
      0.9482525999774225,
      0.9538621999963652,
      0.9419245000171941,
      0.9497213000140619,
      0.9624558000068646,
      0.9768986999988556,
      0.9854585999855772,
      1.168540300015593,
      1.0189351000008173,
      1.009035600000061,
      1.0284352999879047,
      0.9979515000013635,
      1.116225099976873,
      1.1277087999915238,
      1.0772852000081912,
      0.9617422000155784,
      1.0116213000146672,
      1.0026428000128362,
      0.9883296999905724,
      1.039213199983351,
      0.977837400016142,
      1.013772300007986,
      0.9955362000036985,
      0.9941671999986283,
      1.017904800013639,
      1.0079496999969706,
      0.9830962999840267,
      0.9923590999969747,
      0.9978420000115875,
      1.0259087999875192,
      1.0685411000158638,
      1.0259528000024147,
      1.0348920999967959,
      1.0200875999871641,
      1.0075557999953162,
      1.0210168000194244,
      1.0277618000109214,
      1.0746653999958653,
      1.0223359999945387,
      0.985839400003897,
      1.0083992000145372,
      2.4624909999838565,
      2.242755799990846,
      2.5727271000214387,
      2.3104770999925677,
      2.56818229999044,
      2.296527900005458,
      2.4691289000038523,
      2.4807888999930583,
      2.53973550000228,
      2.4878610000014305,
      2.3311910999764223,
      2.33587529999204,
      2.2462750999839045,
      2.254952100018272,
      2.258121899998514,
      2.481006200017873,
      2.3583513000048697,
      2.364373299991712,
      2.3340773999807425,
      1.9871101999888197,
      2.4561470999906305,
      2.447686800005613,
      2.286314700002549,
      2.449213999992935,
      2.2739435999828856,
      2.47727680002572,
      2.4942531999840867,
      2.4190872999897692,
      2.384843000007095,
      2.6638909000030253,
      2.403859200014267,
      2.410804500017548,
      2.5195183999894653,
      2.5659042000188492,
      2.606596500001615,
      2.371864800021285,
      2.443867900001351,
      2.328729500004556,
      2.376701700006379,
      2.5052556000009645,
      2.4237167999963276,
      2.5587449000158813,
      2.582964700006414,
      2.5247638000000734,
      2.4354452999832574,
      2.5305905000132043,
      2.3522637999849394,
      2.361091300001135,
      2.311316400009673,
      2.368373999983305,
      2.274861800018698,
      2.541388400015421,
      2.591222099988954,
      2.3912027000042144,
      2.4133079000166617,
      2.5674424000026193,
      2.4205586000171024,
      2.3763704000157304,
      2.465224199986551,
      2.509261200000765,
      2.4476794000074733,
      2.5235060999984853,
      2.356584200024372,
      2.462602899991907,
      2.307423899997957,
      2.3558660999988206,
      2.383682300016517,
      2.4168311999819707,
      2.387177700002212,
      2.5055146999948192,
      2.3769388000073377,
      2.51349109999137,
      2.4167367999907583,
      2.231003499997314,
      2.271606199996313,
      2.4043831000162754,
      2.4279772999871057,
      2.502558299980592,
      2.534023000014713,
      2.325290100008715,
      2.3588059000030626,
      2.4139964999922086,
      2.2189287999935914,
      2.4740867000073195,
      2.386542299995199,
      2.384521100000711,
      2.41301050002221,
      2.2507596999930684,
      2.2444088999764062,
      2.4740621999953873,
      2.7583569000125863,
      2.6697472000087146,
      2.604453800013289,
      2.269683399994392,
      2.43776179998531,
      2.357719499996165,
      2.408398599975044,
      2.4375841000000946,
      2.3069864000135567,
      2.349216000002343,
      2.4328285999945365,
      2.2834077999868896,
      2.3584901000140235,
      2.303238499996951,
      2.3611192999815103,
      2.4146377999859396,
      2.4188122000196017,
