{
  "meta": {
    "impl": "hashlib",
    "username": "alice",
    "iterations": 10000,
    "runs": 500,
    "warmup": 50,
    "algo": "sha256",
    "timestamp": 1765519844.2137077
  },
  "result": {
    "runs": 500,
    "warmup": 50,
    "mean_s": 0.010436654399440158,
    "median_s": 0.009803749999264255,
    "stdev_s": 0.0035104944820813105,
    "min_s": 0.0085045000014361,
    "max_s": 0.05881839999346994,
    "raw_times_s": [
      0.010715999989770353,
      0.009852200018940493,
      0.00924670000676997,
      0.009336599992820993,
      0.009474699996644631,
      0.00993259999086149,
      0.010245600016787648,
      0.009553999989293516,
      0.009425700001884252,
      0.009160399989923462,
      0.009652999986428767,
      0.009088799997698516,
      0.009322400001110509,
      0.00932370001100935,
      0.008569300000090152,
      0.009019499993883073,
      0.009015099989483133,
      0.009451799996895716,
      0.009258000005502254,
      0.009087499987799674,
      0.009617800009436905,
      0.009890699991956353,
      0.009217800019541755,
      0.009601300000213087,
      0.009420299989869818,
      0.009573799994541332,
      0.009747800009790808,
      0.009702300012577325,
      0.00959780000266619,
      0.00961119998828508,
      0.009885500010568649,
      0.010413100011646748,
      0.009268499998142943,
      0.0096925999969244,
      0.00982910001766868,
      0.009531599993351847,
      0.009752600017236546,
      0.009778000006917864,
      0.009759100008523092,
      0.009619499993277714,
      0.013986899983137846,
      0.014643700007582083,
      0.011198299995157868,
      0.010807099984958768,
      0.010481200006324798,
      0.01030749999335967,
      0.010033999977167696,
      0.009898399992380291,
      0.009896400006255135,
      0.009707199991680682,
      0.00980369999888353,
      0.009590800007572398,
      0.008798499999102205,
      0.010448099987115711,
      0.010164200008148327,
      0.01031499999226071,
      0.010230799991404638,
      0.010017499997047707,
      0.010599900007946417,
      0.010959999985061586,
      0.011019700003089383,
      0.009569000016199425,
      0.009257400000933558,
      0.009169500001007691,
      0.009284600004320964,
      0.00940520002041012,
      0.008697900018887594,
      0.008861300011631101,
      0.009685500001069158,
      0.008960300008766353,
      0.00911330000963062,
      0.010057500010589138,
      0.01010590000078082,
      0.010266299999784678,
      0.009366999991470948,
      0.009496500017121434,
      0.009494400001130998,
      0.00962289999006316,
      0.009678200003691018,
      0.009824200009461492,
      0.009873200004221871,
      0.0096645999874454,
      0.009356700000353158,
      0.010750899993581697,
      0.009992200008127838,
      0.009577199991326779,
      0.008998300007078797,
      0.009484899987000972,
      0.009329399996204302,
      0.009314299997640774,
      0.010283999989042059,
      0.009259699989343062,
      0.00921110002673231,
      0.009231499978341162,
      0.009355699992738664,
      0.009786400012671947,
      0.009290100017096847,
      0.009728400007588789,
      0.009454400016693398,
      0.009588300017639995,
      0.009760100016137585,
      0.010838599991984665,
      0.009892300004139543,
      0.010079800005769357,
      0.010020799993071705,
      0.010083199973450974,
      0.010127099987585098,
      0.009359999996377155,
      0.009266999986721203,
      0.010598799999570474,
      0.00973119999980554,
      0.010585599986370653,
      0.00980219998746179,
      0.009863599989330396,
      0.00952949997736141,
      0.009632500004954636,
      0.00904070000979118,
      0.00898279997636564,
      0.008954399992944673,
      0.009492400015005842,
      0.0091991999943275,
      0.011857900011818856,
      0.009128400008194149,
      0.008854300016537309,
      0.010447900014696643,
      0.010422399995150045,
      0.010115599987329915,
      0.011459799978183582,
      0.009055400005308911,
      0.009203199995681643,
      0.009157199994660914,
      0.009755399980349466,
      0.009229699993738905,
      0.009079600014956668,
      0.00968240000656806,
      0.00867629999993369,
      0.009269700007280335,
      0.00963779998710379,
      0.00872819998767227,
      0.009647700004279613,
      0.009849399997619912,
      0.009338999981991947,
      0.009438200009753928,
      0.009395300003234297,
      0.009334999980637804,
      0.009744699986185879,
      0.00975779999862425,
      0.009570399997755885,
      0.009296200005337596,
      0.009475900005782023,
      0.009158900007605553,
      0.010070000018458813,
      0.00986289998400025,
      0.00924370001303032,
      0.009810200019273907,
      0.009731500002089888,
      0.009600100020179525,
      0.00974739997764118,
      0.009466099989367649,
      0.009147700009634718,
      0.008945100009441376,
      0.009626499988371506,
      0.010162999999010935,
      0.0094600000011269,
      0.013149100006558001,
      0.009157099993899465,
      0.009212199976900592,
      0.009353000001283363,
      0.009773100027814507,
      0.010286100005032495,
      0.010642200009897351,
      0.010723699990194291,
      0.01098900000215508,
      0.011047400010284036,
      0.011179399996763095,
      0.010222299984889105,
      0.012785800005076453,
      0.010089100018376485,
      0.008797100017545745,
      0.009115599998040125,
      0.009343299985630438,
      0.009315900009823963,
      0.009546200017211959,
      0.00913260001107119,
      0.009678799979155883,
      0.00945569999748841,
      0.009646199992857873,
      0.009741299989400432,
      0.010440999991260469,
      0.009827000001678243,
      0.01001420000102371,
      0.010071800003061071,
      0.010546899982728064,
      0.011152899998705834,
      0.009727299999212846,
      0.008992200018838048,
      0.009115299995755777,
      0.009362100012367591,
      0.009401600022101775,
      0.009232600015820935,
      0.00980379999964498,
      0.00950310000916943,
      0.009746399999130517,
      0.009666300000390038,
      0.009534799988614395,
      0.0099816000147257,
      0.009931999986292794,
      0.009564799984218553,
      0.008932800003094599,
      0.009321700024884194,
      0.009348100022180006,
      0.009476499981246889,
      0.009123199997702613,
      0.00929570000153035,
      0.009422000002814457,
      0.009312699985457584,
      0.008819599985145032,
      0.00977569998940453,
      0.009344199992483482,
      0.009597199998097494,
      0.010462199978064746,
      0.010568500001681969,
      0.009514200006378815,
      0.00911029998678714,
      0.009020699973916635,
      0.009227100003045052,
      0.008948699978645891,
      0.009690700011560693,
      0.01113120000809431,
      0.009609500004444271,
      0.00999640001100488,
      0.009401599992997944,
      0.01234609997482039,
      0.013588600006187335,
      0.01000370000838302,
      0.00941549998242408,
      0.00927489998866804,
      0.010228400002233684,
      0.011170799989486113,
      0.022021500015398487,
      0.026176699990173802,
      0.03112850000616163,
      0.02209240000229329,
      0.02423030001227744,
      0.027600000001257285,
      0.05881839999346994,
      0.03457139999954961,
      0.033043400006135926,
      0.021431800007121637,
      0.023009900003671646,
      0.025835200009169057,
      0.028835500008426607,
      0.011874099989654496,
      0.009992800012696534,
      0.009987800003727898,
      0.010957199992844835,
      0.012554500019177794,
      0.009862000006251037,
      0.009837599995080382,
      0.0092362999857869,
      0.009198000014293939,
      0.009348699997644871,
      0.009449000004678965,
      0.009449300006963313,
      0.009459399996558204,
      0.009210500022163615,
      0.010066599992569536,
      0.00895780001883395,
      0.009025400009704754,
      0.010141200007637963,
      0.010970899980748072,
      0.010856100008822978,
