{
  "meta": {
    "impl": "hashlib",
    "username": "alice",
    "iterations": 100,
    "runs": 500,
    "warmup": 50,
    "algo": "sha256",
    "timestamp": 1765519834.3812442
  },
  "result": {
    "runs": 500,
    "warmup": 50,
    "mean_s": 9.476080001331866e-05,
    "median_s": 9.055000555235893e-05,
    "stdev_s": 1.3800187886482441e-05,
    "min_s": 8.13000078778714e-05,
    "max_s": 0.0002229000092484057,
    "raw_times_s": [
      0.00011560000712051988,
      0.0001357999863103032,
      9.14999982342124e-05,
      8.850000449456275e-05,
      8.939998224377632e-05,
      8.880000677891076e-05,
      8.949998300522566e-05,
      8.960001287050545e-05,
      8.870000601746142e-05,
      0.00010199999087490141,
      8.979998528957367e-05,
      8.820000221021473e-05,
      8.540000999346375e-05,
      8.549998165108263e-05,
      8.540000999346375e-05,
      8.480000542476773e-05,
      8.479997632093728e-05,
      8.510000770911574e-05,
      8.560001151636243e-05,
      8.579998393543065e-05,
      8.490000618621707e-05,
      8.900000830180943e-05,
      8.519997936673462e-05,
      8.560001151636243e-05,
      8.490000618621707e-05,
      8.460000390186906e-05,
      8.480000542476773e-05,
      8.480000542476773e-05,
      8.50000069476664e-05,
      8.460000390186906e-05,
      8.47000046633184e-05,
      8.50000069476664e-05,
      8.800000068731606e-05,
      8.559998241253197e-05,
      8.510000770911574e-05,
      8.559998241253197e-05,
      8.490000618621707e-05,
      8.480000542476773e-05,
      8.890000754036009e-05,
      9.099999442696571e-05,
      9.109999518841505e-05,
      0.00011999998241662979,
      9.42000187933445e-05,
      9.739998495206237e-05,
      9.469999349676073e-05,
      9.400001727044582e-05,
      9.410001803189516e-05,
      9.399998816661537e-05,
      9.380001574754715e-05,
      9.849999332800508e-05,
      9.859999408945441e-05,
      9.839999256655574e-05,
      0.00010139998630620539,
      0.00010930001735687256,
      0.00010279999696649611,
      0.00010299999848939478,
      0.00010259999544359744,
      0.00010259999544359744,
      0.0001024999946821481,
      0.00010289999772794545,
      0.00010279999696649611,
      0.00010299999848939478,
      0.00010070001007989049,
      0.0001047999830916524,
      0.00010229999315924942,
      9.889999637380242e-05,
      9.84000216703862e-05,
      9.87000239547342e-05,
      9.919999865815043e-05,
      9.899999713525176e-05,
      9.839999256655574e-05,
      9.82999918051064e-05,
      9.779998799785972e-05,
      0.00010400000610388815,
      9.929999941959977e-05,
      9.889999637380242e-05,
      0.00013329999637790024,
      9.82999918051064e-05,
      9.710001177154481e-05,
      9.739998495206237e-05,
      9.740001405589283e-05,
      9.679998038336635e-05,
      9.84000216703862e-05,
      0.00010609999299049377,
      0.00010229999315924942,
      0.00010199999087490141,
      0.00010179998935200274,
      0.00011150000500492752,
      9.899999713525176e-05,
      9.99000039882958e-05,
      9.99000039882958e-05,
      0.00010179998935200274,
      0.00010269999620504677,
      0.00013359999866224825,
      0.00011130000348202884,
      0.0001033000007737428,
      0.00010200001997873187,
      0.00010219999239780009,
      0.00010219999239780009,
      0.00010199999087490141,
      0.00010190001921728253,
      0.00011369999265298247,
      0.0001036000030580908,
      0.00010269999620504677,
      0.00010259999544359744,
      0.00010229999315924942,
      0.00010239999392069876,
      0.00010239999392069876,
      0.00010269999620504677,
      0.00011150000500492752,
      0.00010309999925084412,
      0.00010039997869171202,
      0.00010150001617148519,
      9.970000246539712e-05,
      0.00010039997869171202,
      0.0001002000062726438,
      0.00010040000779554248,
      0.00010039997869171202,
      0.00010080001084133983,
      0.00010079998173750937,
      9.810001938603818e-05,
      9.839999256655574e-05,
      9.940000018104911e-05,
      9.849999332800508e-05,
      9.899999713525176e-05,
      9.82999918051064e-05,
      9.859999408945441e-05,
      9.800001862458885e-05,
      9.859999408945441e-05,
      0.00010029997793026268,
      9.509999654255807e-05,
      9.479999425821006e-05,
      9.740001405589283e-05,
      9.950000094249845e-05,
      9.839999256655574e-05,
      9.889999637380242e-05,
      9.940000018104911e-05,
      9.960000170394778e-05,
      0.00010000000474974513,
      0.00010189999011345208,
      0.0001024999946821481,
      0.00010179998935200274,
      0.00010090001160278916,
      0.0001002000062726438,
      9.869999485090375e-05,
      9.99000039882958e-05,
      9.960000170394778e-05,
      0.00010259999544359744,
      9.720001253299415e-05,
      9.560000034980476e-05,
      9.619997581467032e-05,
      9.580000187270343e-05,
      9.380001574754715e-05,
      9.2999980552122e-05,
      9.240000508725643e-05,
      9.250000584870577e-05,
      9.329998283647001e-05,
      9.380001574754715e-05,
      9.259997750632465e-05,
      9.169999975711107e-05,
      8.830000297166407e-05,
      8.850000449456275e-05,
      8.820000221021473e-05,
      8.949998300522566e-05,
      8.900000830180943e-05,
      8.930001058615744e-05,
      9.490002412348986e-05,
      8.789999992586672e-05,
      8.81000014487654e-05,
      8.779999916441739e-05,
      8.720002369955182e-05,
      8.750002598389983e-05,
      8.710002293810248e-05,
      8.72999953571707e-05,
      8.789999992586672e-05,
      8.559998241253197e-05,
      8.570001227781177e-05,
      8.499997784383595e-05,
      8.510000770911574e-05,
      8.520000847056508e-05,
      8.519997936673462e-05,
      8.540000999346375e-05,
      8.599998545832932e-05,
      8.550001075491309e-05,
      8.550001075491309e-05,
      8.519997936673462e-05,
      8.600001456215978e-05,
      8.919998072087765e-05,
      8.930001058615744e-05,
      9.309998131357133e-05,
      8.900000830180943e-05,
      8.480000542476773e-05,
      8.569998317398131e-05,
      8.460000390186906e-05,
      8.50000069476664e-05,
      8.490000618621707e-05,
      8.549998165108263e-05,
      8.759999764151871e-05,
      8.719999459572136e-05,
      8.66000191308558e-05,
      8.699999307282269e-05,
      8.679999154992402e-05,
      8.659999002702534e-05,
      8.719999459572136e-05,
      8.72999953571707e-05,
      8.720002369955182e-05,
      8.66000191308558e-05,
      8.669999078847468e-05,
      8.739999611862004e-05,
      8.779999916441739e-05,
      8.689999231137335e-05,
      8.66000191308558e-05,
      9.099999442696571e-05,
      8.6499989265576e-05,
      8.769999840296805e-05,
      8.830000297166407e-05,
      8.830000297166407e-05,
      8.929998148232698e-05,
      8.830000297166407e-05,
      8.850000449456275e-05,
      8.820000221021473e-05,
      8.800000068731606e-05,
      8.739999611862004e-05,
      8.789999992586672e-05,
      8.789999992586672e-05,
      8.820000221021473e-05,
      8.820000221021473e-05,
      8.910000906325877e-05,
      9.419998968951404e-05,
      9.430001955479383e-05,
      9.209997369907796e-05,
      9.99000039882958e-05,
      9.330001194030046e-05,
      9.289997979067266e-05,
      9.310001041740179e-05,
      9.2999980552122e-05,
      9.23000043258071e-05,
      9.459999273531139e-05,
      9.940000018104911e-05,
      9.960000170394778e-05,
      9.950000094249845e-05,
      9.99000039882958e-05,
      0.00013339999713934958,
      0.00010119998478330672,
      0.00010080001084133983,
      0.0001002000062726438,
      0.00010029997793026268,
      0.00010000000474974513,
      9.970000246539712e-05,
      0.0001002000062726438,
      9.40999889280647e-05,
      9.600000339560211e-05,
      9.089999366551638e-05,
      9.059999138116837e-05,
      9.099999442696571e-05,
      9.079999290406704e-05,
      9.060002048499882e-05,
      9.009998757392168e-05,
      8.999998681247234e-05,
