{
  "meta": {
    "impl": "hashlib",
    "username": "alice",
    "iterations": 50,
    "runs": 500,
    "warmup": 50,
    "algo": "sha256",
    "timestamp": 1765519834.2024004
  },
  "result": {
    "runs": 500,
    "warmup": 50,
    "mean_s": 4.7822400112636386e-05,
    "median_s": 4.564999835565686e-05,
    "stdev_s": 6.824068558610352e-06,
    "min_s": 4.129999433644116e-05,
    "max_s": 0.00011590000940486789,
    "raw_times_s": [
      4.460001946426928e-05,
      4.5100023271515965e-05,
      4.189999890513718e-05,
      4.1700026486068964e-05,
      4.149999585933983e-05,
      4.1799998143687844e-05,
      4.169999738223851e-05,
      4.230000195093453e-05,
      4.260000423528254e-05,
      4.270000499673188e-05,
      4.230000195093453e-05,
      4.230000195093453e-05,
      4.2100000428035855e-05,
      4.230000195093453e-05,
      4.239997360855341e-05,
      4.270000499673188e-05,
      4.230000195093453e-05,
      4.25000034738332e-05,
      4.2800005758181214e-05,
      4.2499974370002747e-05,
      4.270000499673188e-05,
      4.350001108832657e-05,
      4.300000728107989e-05,
      4.360001184977591e-05,
      4.1799998143687844e-05,
      4.3100008042529225e-05,
      4.199999966658652e-05,
      4.1700026486068964e-05,
      4.220000118948519e-05,
      4.160002572461963e-05,
      4.650000482797623e-05,
      4.199999966658652e-05,
      4.2100000428035855e-05,
      4.199999966658652e-05,
      4.2100000428035855e-05,
      4.1399995097890496e-05,
      4.159999662078917e-05,
      4.1399995097890496e-05,
      4.169999738223851e-05,
      4.169999738223851e-05,
      4.159999662078917e-05,
      4.140002420172095e-05,
      4.1399995097890496e-05,
      4.129999433644116e-05,
      4.159999662078917e-05,
      4.149999585933983e-05,
      4.1799998143687844e-05,
      4.149999585933983e-05,
      4.159999662078917e-05,
      4.189999890513718e-05,
      4.33000095654279e-05,
      4.369998350739479e-05,
      4.3400010326877236e-05,
      4.349998198449612e-05,
      4.400001489557326e-05,
      4.2800005758181214e-05,
      4.149999585933983e-05,
      4.149999585933983e-05,
      4.149999585933983e-05,
      4.1399995097890496e-05,
      4.159999662078917e-05,
      4.129999433644116e-05,
      4.149999585933983e-05,
      4.149999585933983e-05,
      4.169999738223851e-05,
      4.169999738223851e-05,
      4.189999890513718e-05,
      4.1799998143687844e-05,
      4.150002496317029e-05,
      4.160002572461963e-05,
      4.1399995097890496e-05,
      4.1799998143687844e-05,
      4.169999738223851e-05,
      5.360000068321824e-05,
      4.439998883754015e-05,
      4.350001108832657e-05,
      4.460001946426928e-05,
      4.73999825771898e-05,
      4.300000728107989e-05,
      4.230000195093453e-05,
      4.2400002712383866e-05,
      4.230000195093453e-05,
      4.239997360855341e-05,
      4.25000034738332e-05,
      4.2100000428035855e-05,
      4.220000118948519e-05,
      4.290000651963055e-05,
      4.309997893869877e-05,
      4.3100008042529225e-05,
      4.260000423528254e-05,
      4.25000034738332e-05,
      4.2400002712383866e-05,
      4.25000034738332e-05,
      4.290000651963055e-05,
      4.25000034738332e-05,
      4.270000499673188e-05,
      4.309997893869877e-05,
      4.2100000428035855e-05,
      4.2800005758181214e-05,
      4.25000034738332e-05,
      4.2400002712383866e-05,
      4.279997665435076e-05,
      4.270000499673188e-05,
      4.270000499673188e-05,
      4.2400002712383866e-05,
      4.270000499673188e-05,
      4.300000728107989e-05,
      4.220000118948519e-05,
      4.270000499673188e-05,
      4.270000499673188e-05,
      4.260000423528254e-05,
      4.25000034738332e-05,
      4.270000499673188e-05,
      4.290000651963055e-05,
      4.25000034738332e-05,
      4.25000034738332e-05,
      4.270000499673188e-05,
      4.2800005758181214e-05,
      4.239997360855341e-05,
      6.360001862049103e-05,
      4.509999416768551e-05,
      4.3899985030293465e-05,
      4.390001413412392e-05,
      4.809998790733516e-05,
      4.400001489557326e-05,
      7.14000198058784e-05,
      5.570001667365432e-05,
      4.499999340623617e-05,
      4.4199987314641476e-05,
      4.4500018702819943e-05,
      4.47999918833375e-05,
      4.47999918833375e-05,
      4.5199994929134846e-05,
      4.4899992644786835e-05,
      4.509999416768551e-05,
      4.4500018702819943e-05,
      4.539999645203352e-05,
      4.47999918833375e-05,
      4.499999340623617e-05,
      4.949999856762588e-05,
      4.4100015657022595e-05,
      4.350001108832657e-05,
      4.4199987314641476e-05,
      4.3800013372674584e-05,
      4.47999918833375e-05,
      4.5199994929134846e-05,
      4.549999721348286e-05,
      4.460001946426928e-05,
      4.549999721348286e-05,
      4.5100023271515965e-05,
      4.469999112188816e-05,
      4.5199994929134846e-05,
      4.47999918833375e-05,
      4.47999918833375e-05,
      4.470002022571862e-05,
      4.449998959898949e-05,
      4.469999112188816e-05,
      4.4899992644786835e-05,
      4.470002022571862e-05,
      4.5199994929134846e-05,
      4.4899992644786835e-05,
      5.339999916031957e-05,
      4.539999645203352e-05,
      4.33000095654279e-05,
      4.3199979700148106e-05,
      4.350001108832657e-05,
      4.339998122304678e-05,
      4.290000651963055e-05,
      4.300000728107989e-05,
      4.339998122304678e-05,
      4.290000651963055e-05,
      4.3100008042529225e-05,
      4.809998790733516e-05,
      4.360001184977591e-05,
      4.309997893869877e-05,
      4.3400010326877236e-05,
      4.3199979700148106e-05,
      4.300000728107989e-05,
      4.320000880397856e-05,
      4.3199979700148106e-05,
      4.370001261122525e-05,
      4.3100008042529225e-05,
      4.3599982745945454e-05,
      4.33000095654279e-05,
      4.329998046159744e-05,
      4.390001413412392e-05,
      4.369998350739479e-05,
      4.3100008042529225e-05,
      4.360001184977591e-05,
      4.3199979700148106e-05,
      4.3100008042529225e-05,
      4.320000880397856e-05,
      4.33000095654279e-05,
      4.33000095654279e-05,
      4.349998198449612e-05,
      4.909999552182853e-05,
      4.400001489557326e-05,
      4.3899985030293465e-05,
      4.3800013372674584e-05,
      4.409998655319214e-05,
      4.429998807609081e-05,
      4.430001717992127e-05,
      6.359998951666057e-05,
      4.509999416768551e-05,
      4.539999645203352e-05,
      4.509999416768551e-05,
      4.499999340623617e-05,
      4.5100023271515965e-05,
      4.529999569058418e-05,
      4.600000102072954e-05,
      4.3199979700148106e-05,
      4.3100008042529225e-05,
      4.350001108832657e-05,
      4.3400010326877236e-05,
      4.3100008042529225e-05,
      4.2899977415800095e-05,
      4.3400010326877236e-05,
      4.949999856762588e-05,
      4.5199994929134846e-05,
      4.5199994929134846e-05,
      4.5199994929134846e-05,
      4.52000240329653e-05,
      4.579999949783087e-05,
      4.370001261122525e-05,
      4.320000880397856e-05,
      4.339998122304678e-05,
      4.300000728107989e-05,
      4.320000880397856e-05,
      4.33000095654279e-05,
      4.320000880397856e-05,
      4.299997817724943e-05,
      4.350001108832657e-05,
      4.300000728107989e-05,
      4.299997817724943e-05,
      4.3100008042529225e-05,
      4.3100008042529225e-05,
      4.299997817724943e-05,
      4.300000728107989e-05,
      4.3100008042529225e-05,
      4.329998046159744e-05,
      4.650000482797623e-05,
      4.33000095654279e-05,
      4.309997893869877e-05,
      4.290000651963055e-05,
      4.3100008042529225e-05,
      4.339998122304678e-05,
      4.350001108832657e-05,
      4.3100008042529225e-05,
      4.3899985030293465e-05,
      4.429998807609081e-05,
      4.390001413412392e-05,
      4.4199987314641476e-05,
      4.420001641847193e-05,
      4.3899985030293465e-05,
      4.449998959898949e-05,
      4.529999569058418e-05,
      4.5100023271515965e-05,
      4.5199994929134846e-05,
