{
  "meta": {
    "impl": "hashlib",
    "username": "alice",
    "iterations": 5000000,
    "runs": 500,
    "warmup": 50,
    "algo": "sha256",
    "timestamp": 1765523956.6180813
  },
  "result": {
    "runs": 500,
    "warmup": 50,
    "mean_s": 5.348943177601206,
    "median_s": 4.6879751500091515,
    "stdev_s": 1.999028483867104,
    "min_s": 4.39897129999008,
    "max_s": 13.491307899996173,
    "raw_times_s": [
      11.706936000002315,
      11.54266429998097,
      12.063087499991525,
      11.440375300007872,
      11.666418500011787,
      12.334077500010608,
      11.492122600000584,
      11.71288929998991,
      12.697922499995911,
      13.178577899991069,
      11.77710630002548,
      11.452449499978684,
      11.750951499998337,
      11.759467399999266,
      11.756032400007825,
      11.793657200003508,
      11.4891128000163,
      11.811595999985002,
      11.676737999980105,
      11.413133600028232,
      11.805960099998629,
      11.693038299999898,
      12.307844199996907,
      11.56080939999083,
      11.456102800002554,
      11.547247100010281,
      11.702573699993081,
      11.601147000008496,
      12.122636699990835,
      11.4010526999773,
      11.446707800001604,
      11.425651400000788,
      12.347523899981752,
      12.181829200009815,
      13.121755800006213,
      13.012880499998573,
      12.924723900010576,
      12.240612599998713,
      5.102352100017015,
      5.610982899990631,
      5.031819900003029,
      5.170251800009282,
      6.2742897999996785,
      5.6862506000034045,
      5.323415700026089,
      5.135164299979806,
      4.965306999976747,
      4.8739725000050385,
      5.287037499976577,
      5.1001662999915425,
      4.944205400010105,
      4.874729200004367,
      4.749612000014167,
      4.786150500003714,
      4.756763499986846,
      5.118580699985614,
      4.877503199997591,
      4.759520199993858,
      4.803552000026684,
      4.924163399991812,
      4.844968400022481,
      4.781825099984417,
      4.7344735999940895,
      4.743888500001049,
      4.760324299975764,
      4.7822007999930065,
      4.848340800002916,
      4.725704700016649,
      4.792351000010967,
      4.659596299985424,
      4.795239400002174,
      4.795954200002598,
      4.704498800012516,
      4.772352100000717,
      4.8558720999863,
      4.784055699972669,
      4.75460290000774,
      4.7394954999908805,
      4.7240208000002895,
      4.772678799985442,
      4.862249400001019,
      4.936428899993189,
      4.7582959000137635,
      4.67012260001502,
      4.685434499988332,
      4.755476999998791,
      4.865241599996807,
      5.0866385999834165,
      5.149152400001185,
      5.069473699986702,
      4.86593269999139,
      5.011375600006431,
      4.991822300013155,
      5.070906299981289,
      5.5736192999756895,
      5.2527299000066705,
      5.2499968000047375,
      5.09138980001444,
      5.1322976000083145,
      5.146845400013262,
      5.267696499999147,
      5.166681700007757,
      5.144848199997796,
      5.430832600017311,
      5.5442996000056155,
      5.240901500015752,
      5.004569000011543,
      5.2907248999981675,
      5.66996180001297,
      5.235527999990154,
      4.935235500015551,
      5.182084700005362,
      4.970916499994928,
      4.99391530000139,
      5.005049400002463,
      5.524431400001049,
      5.121976299997186,
      4.987349000002723,
      4.864615600003162,
      5.160017999995034,
      5.1353392000019085,
      5.779294599982677,
      5.458208800002467,
      5.1905231999990065,
      5.128530200017849,
      5.0784808000025805,
      5.300677799998084,
      5.0757672999752685,
      5.406463999999687,
      5.157533899997361,
      4.985040500003379,
      5.359207700006664,
      5.574652800016338,
      5.353804699989269,
      5.727422900003148,
      8.84545709998929,
      12.692613700026413,
      13.491307899996173,
      11.00878180001746,
      5.00644420000026,
      4.867701000010129,
      4.891650800011121,
      4.871003500011284,
      4.925189800007502,
      4.932365100015886,
      4.864336500002537,
      4.941762800008291,
      4.925136100006057,
      4.730399899999611,
      4.8831432000151835,
      4.88357510001515,
      4.768006800004514,
      4.744254599994747,
      4.70018740001251,
      4.70086920002359,
      4.6660366999858525,
      4.71133109999937,
      4.70681939998758,
      4.717138499981957,
      4.8389720999985,
      4.6298468000022694,
      4.710878200014122,
      4.7134555999946315,
      4.723637399991276,
      4.731842500012135,
      4.74264559999574,
      4.730983999994351,
      4.704509199975291,
      4.689889800007222,
      4.726717899990035,
      4.700347800011514,
      4.7481276000034995,
      4.746132400003262,
      4.594918899994809,
      4.815070700016804,
      4.6846952000050806,
      4.723936500027776,
      4.696364400006132,
      4.741549900005339,
      4.694428499991773,
      4.696823000005679,
      4.685304099984933,
      4.6775366999791,
      4.6850511000084225,
      4.703305700008059,
      4.623936899995897,
      4.578211900021415,
      4.7187975999841,
      4.667277899978217,
      4.603028799989261,
      4.740696400025627,
      4.750918100005947,
      4.68862950001494,
      4.690838899987284,
      4.688995899981819,
      4.6843213999818545,
      4.626142900000559,
      4.675900100002764,
      4.483270500000799,
      4.597369199997047,
      4.678239299973939,
      4.687229800008936,
      4.68911360000493,
      4.589453299995512,
      4.723962999996729,
      4.649801799998386,
      4.741290399979334,
      4.840702500019688,
      4.63258110001334,
      4.702867299987702,
      4.714390099979937,
      4.689348899992183,
      4.686799300019629,
      4.684619300009217,
      4.67077289998997,
      4.665096399985487,
      4.70170100001269,
      4.648027500021271,
      4.666116700012935,
      4.745266300014919,
      4.754231500002788,
      4.821079899993492,
      4.803127399994992,
      4.753410000004806,
      4.716082200000528,
      4.778745199990226,
      4.78385220002383,
      4.7747170999937225,
      4.753449700016063,
      4.774935900000855,
      4.740580799989402,
      4.8061648000148125,
      4.709208299987949,
      4.664411899982952,
      4.725915199989686,
      4.695522699999856,
      4.594812700001057,
      4.535762799991062,
      4.6859695999883115,
      4.706456500018248,
      4.697608299989952,
      4.710248099989258,
      4.691001300001517,
      4.68634519999614,
      4.668241700012004,
      4.671543700009352,
      4.646136600000318,
      4.635406999994302,
      4.655857099976856,
      4.570985300000757,
      4.541393799998332,
      4.540792300016619,
      4.694002800009912,
      4.668080100003863,
      4.6122391000099014,
      4.708352399989963,
      4.663886599999387,
      4.78550900000846,
      4.729250000003958,
      4.6586738000041805,
      4.700848900014535,
      4.661377400014317,
      4.664412599988282,
      4.567625399999088,
      4.638737000001129,
      4.680440500000259,
      4.7556700999848545,
      4.775573999999324,
      4.7479816999984905,
      4.706775099999504,
      4.741065600013826,
      4.733755599998403,
      4.794065800000681,
      4.741748600004939,
      4.816673499997705,
      4.687320800003363,
      4.647314300003927,
      4.702570399997057,
      4.697184799995739,
      4.702015399991069,
      4.640061100013554,
      4.7103686000045855,
      4.704386800003704,
      4.694563299999572,
      4.685516400000779,
      4.698690500023076,
      4.675756400014507,
      4.692923499998869,
      4.624776600016048,
      4.633593300008215,
      4.669616099999985,
      4.640500300010899,
      4.67325140000321,
      4.66370399997686,
      4.657164799980819,
      4.655907199979993,
      4.695982599980198,
      4.565391299984185,
      4.6441304000036325,
      4.655126400000881,
      4.639132200012682,
