{
  "meta": {
    "impl": "hashlib",
    "username": "alice",
    "iterations": 500,
    "runs": 500,
    "warmup": 50,
    "algo": "sha256",
    "timestamp": 1765519834.7745407
  },
  "result": {
    "runs": 500,
    "warmup": 50,
    "mean_s": 0.00046678540005814286,
    "median_s": 0.0004584499984048307,
    "stdev_s": 5.5363670665320024e-05,
    "min_s": 0.0003978000022470951,
    "max_s": 0.0009283999970648438,
    "raw_times_s": [
      0.00042910000775009394,
      0.00042359999497421086,
      0.00046660000225529075,
      0.00045280001359060407,
      0.0004445999802555889,
      0.0004607000155374408,
      0.0005087000026833266,
      0.00043509999522939324,
      0.0004231999919284135,
      0.0005040999967604876,
      0.00042490000487305224,
      0.00042869997560046613,
      0.00047300002188421786,
      0.0004250000056345016,
      0.0004177000082563609,
      0.0004245000018272549,
      0.0004259999841451645,
      0.00043059999006800354,
      0.00044090001028962433,
      0.00041760000749491155,
      0.0005866999854333699,
      0.0004448999825399369,
      0.0004675000091083348,
      0.00043059999006800354,
      0.00041959999362006783,
      0.00041259999852627516,
      0.0004329000075813383,
      0.0004167000006418675,
      0.0004158999945502728,
      0.0004138000076636672,
      0.0009065000049304217,
      0.0004385999927762896,
      0.00041390000842511654,
      0.00042070000199601054,
      0.00041199999395757914,
      0.0004147999861743301,
      0.0004212000058032572,
      0.0004150999884586781,
      0.0004216000088490546,
      0.0004154999915044755,
      0.00044200001866556704,
      0.0004260999849066138,
      0.00041989999590441585,
      0.0004233999934513122,
      0.00042359999497421086,
      0.0004287000047042966,
      0.0004140000091865659,
      0.00041799998143687844,
      0.0004160999960731715,
      0.000437700015027076,
      0.000463999982457608,
      0.0004599000094458461,
      0.00045429999590851367,
      0.00044979999074712396,
      0.0004634000069927424,
      0.0004422000201884657,
      0.0005518999823834747,
      0.00042779999785125256,
      0.0004223999858368188,
      0.00041480001527816057,
      0.00042619998566806316,
      0.00043139999615959823,
      0.00044319999869912863,
      0.00044170001638121903,
      0.00044789997627958655,
      0.0004797000146936625,
      0.00047339999582618475,
      0.0004631000047083944,
      0.000464899989310652,
      0.0004616999940481037,
      0.00044120001257397234,
      0.00044010000419802964,
      0.0004420999903231859,
      0.0004455000162124634,
      0.00044919998617842793,
      0.00044689999776892364,
      0.00045950000640004873,
      0.000464899989310652,
      0.00046060001477599144,
      0.0004556999774649739,
      0.0004565000126603991,
      0.0004557000065688044,
      0.0004597000079229474,
      0.000450699997600168,
      0.0004579999949783087,
      0.00045690001570619643,
      0.00048149999929592013,
      0.0004683000151999295,
      0.0004606999864336103,
      0.00045140000293031335,
      0.0004925999965053052,
      0.0004566000134218484,
      0.0004427000239957124,
      0.00043929999810643494,
      0.00043909999658353627,
      0.0004450000124052167,
      0.00044100001105107367,
      0.0004453000146895647,
      0.00043819998973049223,
      0.00044609999167732894,
      0.0004622999986167997,
      0.0004599000094458461,
      0.000460899987956509,
      0.00045870000030845404,
      0.00046660000225529075,
      0.00045960000716149807,
      0.00046179999480955303,
      0.0004603999841492623,
      0.00046179999480955303,
      0.0004647000168915838,
      0.0004625000001396984,
      0.00046369998017326,
      0.0004571000172290951,
      0.00045239998144097626,
      0.00045419999514706433,
      0.0004501999937929213,
      0.0004555000050459057,
      0.0004535999905783683,
      0.0004532000166364014,
      0.00045239998144097626,
      0.0004610000178217888,
      0.00045289998524822295,
      0.00046370000927709043,
      0.00047709999489597976,
      0.0005400999798439443,
      0.0004689000197686255,
      0.0004585999995470047,
      0.00045629998203366995,
      0.0004633000062312931,
      0.000451300002168864,
      0.0004522999806795269,
      0.000458399998024106,
      0.0004532999882940203,
      0.0004591000033542514,
      0.0004538999928627163,
      0.0004529000143520534,
      0.00045369999133981764,
      0.00045930000487715006,
      0.00045200000749900937,
      0.00045270001282915473,
      0.00046189999557100236,
      0.0004702000005636364,
      0.0004535999905783683,
      0.00045089999912306666,
      0.0004498999915085733,
      0.0004563000111375004,
      0.00045339998905546963,
      0.0004558000073302537,
      0.000455000001238659,
      0.0004531000158749521,
      0.0004585999995470047,
      0.0004504999960772693,
      0.00045039999531582,
      0.00045170000521466136,
      0.000458399998024106,
      0.00045129997306503356,
      0.00045220000902190804,
      0.0004512000014074147,
      0.0005537999968510121,
      0.0005129999772179872,
      0.0004523000097833574,
      0.0004425999941304326,
      0.0004802999901585281,
      0.00045339998905546963,
      0.00045560000580735505,
      0.0004380999889690429,
      0.0004434000002220273,
      0.00043650000588968396,
      0.0004425999941304326,
      0.00043670000741258264,
      0.00045029999455437064,
      0.0004732999950647354,
      0.0004346999921835959,
      0.00043220000225119293,
      0.0004288000054657459,
      0.0004146000137552619,
      0.00043009998626075685,
      0.0004555000050459057,
      0.00043799998820759356,
      0.0004524000105448067,
      0.00046290000318549573,
      0.00045020002289675176,
      0.0004454999871086329,
      0.0004459999909158796,
      0.00044669999624602497,
      0.000440200004959479,
      0.00044040000648237765,
      0.00045560000580735505,
      0.00046859998838044703,
      0.00045960000716149807,
      0.0004625000001396984,
      0.000446999998530373,
      0.000450699997600168,
      0.0004506000259425491,
      0.0004521000082604587,
      0.00044750000233761966,
      0.00045259998296387494,
      0.00047240001731552184,
      0.0004665000014938414,
      0.00046359997941181064,
      0.0004600000102072954,
      0.0004602000117301941,
      0.00045419999514706433,
      0.0004625000001396984,
      0.00047599998652003706,
      0.0004827000084333122,
      0.00047209998592734337,
      0.00045800002408213913,
      0.00045700001646764576,
      0.00045849999878555536,
      0.000450699997600168,
      0.0004504999960772693,
      0.000450999999884516,
      0.0004689999914262444,
      0.00047190001350827515,
      0.0004622999986167997,
      0.00045889997272752225,
      0.00046430001384578645,
      0.00045950000640004873,
      0.0004522999806795269,
      0.0004524000105448067,
      0.0004558999789878726,
      0.0004535000189207494,
      0.00045540000428445637,
      0.00045560000580735505,
      0.00045540000428445637,
      0.000461499992525205,
      0.0004532000166364014,
      0.0005085000011604279,
      0.00045479999971576035,
      0.00045530000352300704,
      0.00045610000961460173,
      0.0004640999832190573,
      0.00045289998524822295,
      0.00045530000352300704,
      0.00045590000809170306,
      0.0004650999908335507,
      0.0004656999954022467,
      0.0004585999995470047,
      0.000461499992525205,
      0.0004621999978553504,
      0.0004619999963324517,
      0.00046720000682398677,
      0.0004595999780576676,
      0.00045140000293031335,
      0.00045200000749900937,
      0.00045029999455437064,
      0.000451600004453212,
      0.000458099995739758,
      0.00045629998203366995,
      0.0004579999949783087,
      0.0004576000210363418,
      0.00045179997687228024,
      0.00045300001511350274,
      0.0004928999987896532,
      0.0004634999786503613,
      0.00046120001934468746,
