{
  "meta": {
    "impl": "hashlib",
    "username": "alice",
    "iterations": 50000,
    "runs": 500,
    "warmup": 50,
    "algo": "sha256",
    "timestamp": 1765519896.706307
  },
  "result": {
    "runs": 500,
    "warmup": 50,
    "mean_s": 0.09965709879982751,
    "median_s": 0.10242455000116024,
    "stdev_s": 0.031312742840370555,
    "min_s": 0.044553899992024526,
    "max_s": 0.2342380000045523,
    "raw_times_s": [
      0.050278799986699596,
      0.04915359997539781,
      0.04847350000636652,
      0.04891230000066571,
      0.04966160000185482,
      0.05364130000816658,
      0.04714340000646189,
      0.05265329999383539,
      0.049667200015392154,
      0.04904710000846535,
      0.04730169998947531,
      0.04910190001828596,
      0.048686699999962,
      0.05032399998162873,
      0.046913999976823106,
      0.05087809998076409,
      0.05341599998064339,
      0.05122839999967255,
      0.04668790000141598,
      0.046120200015138835,
      0.048232700006337836,
      0.05147710000164807,
      0.051642099977470934,
      0.05151560000376776,
      0.04843650001566857,
      0.048086399998283014,
      0.04980109998723492,
      0.05037429998628795,
      0.048453800001880154,
      0.04974770001717843,
      0.04969330001040362,
      0.050363599992124364,
      0.0495770999987144,
      0.04916900000534952,
      0.049759000015910715,
      0.04802670000935905,
      0.04907519998960197,
      0.05027350000455044,
      0.051542799978051335,
      0.05023219998111017,
      0.04983859998174012,
      0.04970299999695271,
      0.04965450000599958,
      0.04971259998274036,
      0.047623899998143315,
      0.047240400017471984,
      0.04790450001019053,
      0.04846010002074763,
      0.04935420001856983,
      0.04988669999875128,
      0.04919060002430342,
      0.04802730001392774,
      0.049191500002052635,
      0.052354900020873174,
      0.049684700003126636,
      0.05015049999929033,
      0.050643299997318536,
      0.04850289999740198,
      0.05243949999567121,
      0.0483867000148166,
      0.0507715999847278,
      0.050082100002327934,
      0.05198059999383986,
      0.05161019999650307,
      0.05052109999815002,
      0.05167230000370182,
      0.05218990001594648,
      0.04922929999884218,
      0.04807940000318922,
      0.04895769999711774,
      0.048410599993076175,
      0.05022589999134652,
      0.049276100005954504,
      0.05022239999379963,
      0.050395900005241856,
      0.049596099997870624,
      0.05258089999551885,
      0.05277219999697991,
      0.04533539997646585,
      0.044553899992024526,
      0.04732100002001971,
      0.04758919999585487,
      0.04703310001059435,
      0.04595649999100715,
      0.04689319999306463,
      0.0495523999852594,
      0.046918799984268844,
      0.048982399981468916,
      0.048558699985733256,
      0.0482958999928087,
      0.05027969999355264,
      0.04848149997997098,
      0.05193510002573021,
      0.04832399997394532,
      0.04845770000247285,
      0.1272461999906227,
      0.14183649999904446,
      0.13250759997754358,
      0.18412079999689013,
      0.13144769999780692,
      0.12741340001230128,
      0.12932830001227558,
      0.2342380000045523,
      0.1533773000119254,
      0.15553439999348484,
      0.1287562000215985,
      0.12606969999615103,
      0.1696879000228364,
      0.0982388999836985,
      0.2031542000186164,
      0.17369610001333058,
      0.17156429999158718,
      0.11272889998508617,
      0.12168350000865757,
      0.19833579999976791,
      0.18492639999021776,
      0.18169709999347106,
      0.12303940000128932,
      0.13341519999084994,
      0.15468279999913648,
      0.1291567999869585,
      0.10240010000416078,
      0.09510259999660775,
      0.09778330000699498,
      0.09553859999869019,
      0.13353550000465475,
      0.09672810000483878,
      0.10842400000547059,
      0.09513790000346489,
      0.09693630001856945,
      0.09653429998434149,
      0.09336669999174774,
      0.09598839998943731,
      0.11936720000812784,
      0.09841269999742508,
      0.15770869998959824,
      0.11666580001474358,
      0.11336319998372346,
      0.09710469999117777,
      0.0996515000006184,
      0.09892940000281669,
      0.11518470000009984,
      0.1133434999792371,
      0.10031120001804084,
      0.09970759999123402,
      0.16217669998877682,
      0.11849470000015572,
      0.10534950002329424,
      0.09872119998908602,
      0.1103579000046011,
      0.09909520001383498,
      0.10122939999564551,
      0.09905420002178289,
      0.10610969999106601,
      0.11388080002507195,
      0.10994729999219999,
      0.1006000000052154,
      0.10578390001319349,
      0.10136480000801384,
      0.09762980000232346,
      0.10116930000367574,
      0.10654870001599193,
      0.12900149999768473,
      0.1416836999997031,
      0.11323170000105165,
      0.10555560002103448,
      0.12260299999616109,
      0.10917780001182109,
      0.09774490000563674,
      0.11364880000473931,
      0.1332449000037741,
      0.15012589999241754,
      0.0971191999851726,
      0.14803009998286143,
      0.11638700001640245,
      0.09682669999892823,
      0.09904770000139251,
      0.10028679997776635,
      0.09691429999656975,
      0.10748219999368303,
      0.09826389999943785,
      0.10943329997826368,
      0.12759360001655295,
      0.10797589999856427,
      0.11262390000047162,
      0.10775469997315668,
      0.10449769999831915,
      0.10013589999289252,
      0.12954049999825656,
      0.11440230000880547,
      0.13213160002487712,
      0.14061639999272302,
      0.1411602000007406,
      0.11920529999770224,
      0.11900460001197644,
      0.0979970000043977,
      0.10023599999840371,
      0.11201459998846985,
      0.10071170001174323,
      0.1010981000144966,
      0.10221290000481531,
      0.12396620001527481,
      0.13487589999567717,
      0.10186689998954535,
      0.10904219999792986,
      0.12021730002015829,
      0.11293990002013743,
      0.1093408000015188,
      0.097180999990087,
      0.09781760000623763,
      0.12457919999724254,
      0.1005322000128217,
      0.15370039999834262,
      0.125509699981194,
      0.110274099977687,
      0.10632910000276752,
      0.10379429999738932,
      0.10754920000908896,
      0.10559310001553968,
      0.13955890000215732,
      0.12345009998534806,
      0.1006434999871999,
      0.09805140001117252,
      0.09576409999863245,
      0.11598129998310469,
      0.12392610000097193,
      0.10147930000675842,
      0.09978369998862036,
      0.10877209997852333,
      0.12266789999557659,
      0.11322309999377467,
      0.09837700001662597,
      0.09461150001152419,
      0.10479939999640919,
      0.10911299998406321,
      0.13612919999286532,
      0.1135723999759648,
      0.13114739998127334,
      0.11220940001658164,
      0.1337020999926608,
      0.10796890000347048,
      0.09632179999607615,
      0.11914610001258552,
      0.10806040000170469,
      0.1285906000121031,
      0.10902840000926517,
      0.10026860001380555,
      0.14299860000028275,
      0.08272599999327213,
      0.10122630000114441,
      0.12026689999038354,
      0.14118529998813756,
      0.11540390001027845,
      0.09906889998819679,
      0.10229300000355579,
      0.10050309999496676,
      0.13628130001598038,
      0.09978679998312145,
      0.1315552000014577,
      0.11397419997956604,
      0.13548500000615604,
      0.13925770000787452,
      0.10964830001466908,
      0.09482779999962077,
      0.10256010000011884,
      0.10681149997981265,
      0.1182793999905698,
      0.12077639999915846,
      0.11097800001152791,
      0.14070310001261532,
      0.12357729999348521,
      0.10569890000624582,
      0.10431840000092052,
      0.12339900000370108,
      0.13329860000521876,
      0.10805170002277009,
      0.11641049999161623,
      0.10401350000756793,
      0.1008272000181023,
      0.09908899999572895,
