{
  "meta": {
    "impl": "hashlib",
    "username": "alice",
    "iterations": 5000,
    "runs": 500,
    "warmup": 50,
    "algo": "sha256",
    "timestamp": 1765519838.3126755
  },
  "result": {
    "runs": 500,
    "warmup": 50,
    "mean_s": 0.004725953800254501,
    "median_s": 0.00464415000169538,
    "stdev_s": 0.00033419653212368754,
    "min_s": 0.004163500008871779,
    "max_s": 0.006884600006742403,
    "raw_times_s": [
      0.004666699998779222,
      0.004461899981833994,
      0.004528599994955584,
      0.0045307000109460205,
      0.004522500006714836,
      0.004714200011221692,
      0.004571099998429418,
      0.0045661999902222306,
      0.00454409999656491,
      0.004561500012641773,
      0.004540499998256564,
      0.004572899983031675,
      0.004561400011880323,
      0.004661399987526238,
      0.004563700000289828,
      0.004556100000627339,
      0.004574199992930517,
      0.004665699991164729,
      0.004638100013835356,
      0.004846800002269447,
      0.006884600006742403,
      0.0046285999997053295,
      0.0044049999851267785,
      0.00427440000930801,
      0.004584600013913587,
      0.004539799992926419,
      0.00423729998874478,
      0.004186100006336346,
      0.004577799991238862,
      0.004384500003652647,
      0.004297100007534027,
      0.004409099987242371,
      0.004564400005619973,
      0.004537399974651635,
      0.004566700023133308,
      0.004540200025076047,
      0.004706400010036305,
      0.004697099997429177,
      0.004670900001656264,
      0.004730199987534434,
      0.004691100009949878,
      0.004775499983225018,
      0.0046153000148478895,
      0.004614599980413914,
      0.004657600016798824,
      0.004864900023676455,
      0.004570599994622171,
      0.004539099987596273,
      0.004373100004158914,
      0.004642899992177263,
      0.0043465999769978225,
      0.004413399990880862,
      0.004424999991897494,
      0.004428199987160042,
      0.004870300006587058,
      0.004776499990839511,
      0.0047750000085216016,
      0.00454110000282526,
      0.004832299979170784,
      0.004820600006496534,
      0.0043929000094067305,
      0.004380099999252707,
      0.005170199990971014,
      0.004370499984361231,
      0.004985200008377433,
      0.005040199990617111,
      0.004993999988073483,
      0.005160100001376122,
      0.0049999000038951635,
      0.005096500011859462,
      0.0052029000071343035,
      0.004529700003331527,
      0.0045449000026565045,
      0.004447499988600612,
      0.004597999999532476,
      0.005095799977425486,
      0.004593299992848188,
      0.004785299999639392,
      0.005318799987435341,
      0.004895799997029826,
      0.004441199998836964,
      0.004648000001907349,
      0.005764700006693602,
      0.005398600012995303,
      0.004574899998260662,
      0.005014399997889996,
      0.004388200002722442,
      0.0046805000165477395,
      0.005743400019127876,
      0.004684999992605299,
      0.004442400007974356,
      0.004578100022627041,
      0.0045965000172145665,
      0.004591600009007379,
      0.0045993000094313174,
      0.0046326000010594726,
      0.004534000006970018,
      0.004621900006895885,
      0.00463450001552701,
      0.004490499995881692,
      0.004163500008871779,
      0.00426699998206459,
      0.004514600004767999,
      0.004441400000359863,
      0.004473999986657873,
      0.004815499996766448,
      0.004491700005019084,
      0.004579500004183501,
      0.005448500014608726,
      0.005470800009788945,
      0.004718500014860183,
      0.004684199986513704,
      0.0044132999901194125,
      0.004464400000870228,
      0.004591099976096302,
      0.005374400003347546,
      0.004506400000536814,
      0.0044606000010389835,
      0.004532000020844862,
      0.004508100013481453,
      0.004634999990230426,
      0.004678199999034405,
      0.004485099983867258,
      0.0046190999855753034,
      0.004373400006443262,
      0.004523500014329329,
      0.004304700007196516,
      0.0044960999803151935,
      0.00469520001206547,
      0.004716099996585399,
      0.0046981000050436705,
      0.004663400002755225,
      0.004742499993881211,
      0.004686500004027039,
      0.004719899996416643,
      0.004712199995992705,
      0.004721200006315485,
      0.004656200006138533,
      0.004645400011213496,
      0.004726599989226088,
      0.004741899989312515,
      0.004659199999878183,
      0.004678800003603101,
      0.004559900000458583,
      0.004587400006130338,
      0.004722899990156293,
      0.0048297000175807625,
      0.004811499995412305,
      0.004961300001014024,
      0.004745199985336512,
      0.004594700003508478,
      0.0047799999883864075,
      0.004731099994387478,
      0.0043753000209107995,
      0.004464699974050745,
      0.0046904000046197325,
      0.004900299973087385,
      0.0043917000002693385,
      0.00456480000866577,
      0.005030300002545118,
      0.0045310000132303685,
      0.0047657999966759235,
      0.004572500009089708,
      0.0048636999854352325,
      0.00457669998286292,
      0.006105400010710582,
      0.005089000012958422,
      0.004587399977026507,
      0.004496800014749169,
      0.00465219997568056,
      0.004532099992502481,
      0.00492790000862442,
      0.004794999986188486,
      0.004689099994720891,
      0.004652499977964908,
      0.004795800021383911,
      0.004455100017366931,
      0.004330299998400733,
      0.004415700008394197,
      0.004638099984731525,
      0.00435450000804849,
      0.004931900009978563,
      0.0049288999871350825,
      0.004721200006315485,
      0.004588000010699034,
      0.004797999979928136,
      0.004361500003142282,
      0.004246700002113357,
      0.004632500000298023,
      0.004830400022910908,
      0.004487099999096245,
      0.004205000004731119,
      0.005132799997227266,
      0.004528700024820864,
      0.004420800018124282,
      0.004506900004344061,
      0.005008900014217943,
      0.004428699990967289,
      0.00461820000782609,
      0.004584800015436485,
      0.004367599991383031,
      0.004477900016354397,
      0.004700400022557005,
      0.005352500011213124,
      0.004829499986954033,
      0.004928499984089285,
      0.004531200014753267,
      0.0044553000188898295,
      0.00436479999916628,
      0.005114999978104606,
      0.0046061000030022115,
      0.004501199990045279,
      0.004662999999709427,
      0.004580099979648367,
      0.004598400002578273,
      0.0044713999959640205,
      0.004734799993457273,
      0.004679700010456145,
      0.004572000005282462,
      0.00461219999124296,
      0.0051512999925762415,
      0.004576999985147268,
      0.004612999997334555,
      0.004565200011711568,
      0.00435150001430884,
      0.004205500008538365,
      0.004426500003319234,
      0.004370299982838333,
      0.004455299989785999,
      0.004417999996803701,
      0.004718600015621632,
      0.004445600003236905,
      0.004497999994782731,
      0.0046205999969970435,
      0.005029099993407726,
      0.004519000009167939,
      0.004189200000837445,
      0.004369299975223839,
      0.004940000013448298,
      0.004322099994169548,
      0.00440780000644736,
      0.004571500001475215,
      0.004658899997593835,
      0.004608099989127368,
      0.004871299985097721,
      0.004579000000376254,
      0.004490399995120242,
      0.004615399986505508,
      0.0048374000180047005,
      0.004638300015358254,
      0.004646900022635236,
      0.00475439999718219,
      0.004520799993770197,
      0.00463450001552701,
      0.004679099976783618,
      0.004629500006558374,
      0.004703900020103902,
      0.0046215000038500875,
      0.005098099994938821,
      0.00456179998582229,
      0.004356299992650747,
      0.00443589998758398,
      0.004461899981833994,
      0.0045356000191532075,
      0.004469900013646111,
      0.004736500006401911,
      0.00420329999178648,
      0.004774800006998703,
      0.00449079999816604,
